#ID|#THUMB|#URL|#TITLE|#CHANNEL|#DURATION|
6559703|http://thumb-v.xhcdn.com/t/703/9_6559703.jpg;http://thumb-v.xhcdn.com/t/703/1_6559703.jpg|http://xhamster.com/movies/6559703/meaty_teen_thighs.html|Meaty teen thighs|Amateur;American;Big Butts;HD Videos;Thighs|2m6s|
6559702|http://thumb-v.xhcdn.com/t/702/9_6559702.jpg;http://thumb-v.xhcdn.com/t/702/1_6559702.jpg|http://xhamster.com/movies/6559702/hornystella69_mfc_201609021541.html|hornystella69 mfc 201609021541|Big Boobs;Big Natural Tits;Big Nipples;Tits;Webcams|10m46s|
6559701|http://thumb-v.xhcdn.com/t/701/5_6559701.jpg;http://thumb-v.xhcdn.com/t/701/1_6559701.jpg|http://xhamster.com/movies/6559701/bathroom_shower_pussy_toy.html|bathroom shower pussy toy|Amateur;Orgasms;Squirting;Bathroom Shower;Toy Pussy;Bathroom|1m13s|
6559700|http://thumb-v.xhcdn.com/t/700/5_6559700.jpg;http://thumb-v.xhcdn.com/t/700/1_6559700.jpg|http://xhamster.com/movies/6559700/mly_mum_fucking.html|mly mum fucking|Asian;Singaporean;Fucking|0m20s|
6559698|http://thumb-v.xhcdn.com/t/698/8_6559698.jpg;http://thumb-v.xhcdn.com/t/698/1_6559698.jpg|http://xhamster.com/movies/6559698/hornystella69_mfc_201608311903.html|hornystella69 mfc 201608311903|Big Boobs;Big Natural Tits;Big Nipples;Tits;Webcams|9m6s|
6559696|http://thumb-v.xhcdn.com/t/696/8_6559696.jpg;http://thumb-v.xhcdn.com/t/696/1_6559696.jpg|http://xhamster.com/movies/6559696/disneydee_mfc_201609110144.html|disneydee mfc 201609110144|Babes;Big Boobs;Big Natural Tits;Tits;Webcams|1h4m26s|
6559695|http://thumb-v.xhcdn.com/t/695/8_6559695.jpg;http://thumb-v.xhcdn.com/t/695/1_6559695.jpg|http://xhamster.com/movies/6559695/mexican_wife_dangles_sandle.html|Mexican Wife Dangles Sandle|BBW;Foot Fetish;Mexican;Wife;Mexican Wife|1m9s|
6559694|http://thumb-v.xhcdn.com/t/694/1_6559694.jpg;http://thumb-v.xhcdn.com/t/694/2_6559694.jpg|http://xhamster.com/movies/6559694/naked_alone_pussy_bathroom.html|Naked alone pussy bathroom|Amateur;Creampie;Matures;Naked Pussy;Bathroom|0m46s|
6559693|http://thumb-v.xhcdn.com/t/693/3_6559693.jpg;http://thumb-v.xhcdn.com/t/693/1_6559693.jpg|http://xhamster.com/movies/6559693/esposa_rubia_2.html|Esposa rubia 2|Amateur;Flashing;MILFs;Blondes;Wife|0m26s|
6559682|http://thumb-v.xhcdn.com/t/682/4_6559682.jpg;http://thumb-v.xhcdn.com/t/682/1_6559682.jpg|http://xhamster.com/movies/6559682/esposa_rubia.html|Esposa rubia |Amateur;Flashing;MILFs;Blondes;Wife|1m1s|
6559677|http://thumb-v.xhcdn.com/t/677/10_6559677.jpg;http://thumb-v.xhcdn.com/t/677/1_6559677.jpg|http://xhamster.com/movies/6559677/brazilian_waxing_my_bbc_again.html|Brazilian waxing my bbc again|BBC;Brazilian;CFNM;MILFs;Voyeur;HD Videos;Brazilian Waxing;Waxing|17m29s|
6559676|http://thumb-v.xhcdn.com/t/676/3_6559676.jpg;http://thumb-v.xhcdn.com/t/676/1_6559676.jpg|http://xhamster.com/movies/6559676/fucking_the_wife_1996_2.html|fucking the wife 1996 (2)|Hidden Cams;Homemade;Matures;Wife Fucking;Fucking|0m18s|
6559675|http://thumb-v.xhcdn.com/t/675/1_6559675.jpg;http://thumb-v.xhcdn.com/t/675/2_6559675.jpg|http://xhamster.com/movies/6559675/super_busty_blonde_teen_squirts.html|Super Busty Blonde Teen Squirts|18 Years Old;Hardcore;Orgasms;Squirting;Teens;Busty Blonde Teen;Super Busty;Super Blonde;Super Teen;Blonde Squirts;Busty Teen;Teen Squirts;Blonde Teen;Super;Squirts|2m54s|
6559673|http://thumb-v.xhcdn.com/t/673/3_6559673.jpg;http://thumb-v.xhcdn.com/t/673/1_6559673.jpg|http://xhamster.com/movies/6559673/bailarina_brasilera_sensual.html|Bailarina brasilera sensual|18 Years Old;Close-ups;HD Videos;Sensual|1m45s|
6561609|http://thumb-v.xhcdn.com/t/609/4_6561609.jpg;http://thumb-v.xhcdn.com/t/609/1_6561609.jpg|http://xhamster.com/movies/6561609/sasha_tries_the_other_white_meat.html|Sasha tries the other white meat!|Big Cock;Blowjobs;Hardcore;Interracial;Hush Pass;White|11m33s|
6563404|http://thumb-v.xhcdn.com/t/404/9_6563404.jpg;http://thumb-v.xhcdn.com/t/404/1_6563404.jpg|http://xhamster.com/movies/6563404/21sextury_cheating_gf_gets_deep_anal.html|21Sextury Cheating GF gets Deep Anal |Anal;Cheating;Facials;High Heels;Rimjob;HD Videos;Deep Anal|7m31s|
6565005|http://thumb-v.xhcdn.com/t/005/9_6565005.jpg;http://thumb-v.xhcdn.com/t/005/1_6565005.jpg|http://xhamster.com/movies/6565005/lesbian_interracial_girls_kelsi_and_kira_satisfy_each_other.html|Lesbian interracial girls Kelsi and Kira satisfy each other|Black and Ebony;Interracial;Lesbians;HD Videos;Satisfy;Lesbian Girls|6m15s|
6559672|http://thumb-v.xhcdn.com/t/672/6_6559672.jpg;http://thumb-v.xhcdn.com/t/672/1_6559672.jpg|http://xhamster.com/movies/6559672/sexy_babe.html|sexy babe|Brunettes;Hidden Cams;Sexy|6m3s|
6559669|http://thumb-v.xhcdn.com/t/669/5_6559669.jpg;http://thumb-v.xhcdn.com/t/669/1_6559669.jpg|http://xhamster.com/movies/6559669/zuup_no_panties_14.html|zuup no panties 14|Upskirts;Voyeur;HD Videos;No Panties;Panties|2m10s|
6559666|http://thumb-v.xhcdn.com/t/666/4_6559666.jpg;http://thumb-v.xhcdn.com/t/666/1_6559666.jpg|http://xhamster.com/movies/6559666/webcam_4.html|webcam 4|Big Boobs;Dildo;Webcams;HD Videos|7m6s|
6559663|http://thumb-v.xhcdn.com/t/663/7_6559663.jpg;http://thumb-v.xhcdn.com/t/663/1_6559663.jpg|http://xhamster.com/movies/6559663/ass_in_jeans.html|Ass in jeans #|MILFs;Voyeur;Ass in Jeans;Jeans Ass;Jeans;In Ass|4m22s|
6559662|http://thumb-v.xhcdn.com/t/662/5_6559662.jpg;http://thumb-v.xhcdn.com/t/662/1_6559662.jpg|http://xhamster.com/movies/6559662/beauty_with_huge_floppy_tits.html|Beauty with Huge Floppy Tits|Big Boobs;Big Natural Tits;Big Nipples;Tattoos;Webcams;Floppy Tits;Beauty Tits;Huge Tits|11m59s|
6559659|http://thumb-v.xhcdn.com/t/659/3_6559659.jpg;http://thumb-v.xhcdn.com/t/659/1_6559659.jpg|http://xhamster.com/movies/6559659/hot_brazilian_actres_anal.html|Hot brazilian actres anal |Anal;Brazilian;Cumshots;Hot Brazilian;Brazilian Anal;Hot Anal|18m58s|
6559658|http://thumb-v.xhcdn.com/t/658/9_6559658.jpg;http://thumb-v.xhcdn.com/t/658/1_6559658.jpg|http://xhamster.com/movies/6559658/wake_up_and_suck_my_cock.html|Wake up and suck my cock|Amateur;Cum in Mouth;Cumshots;Fingering;Masturbation;Wake up;Suck My Cock;Suck Cock|10m6s|
6559657|http://thumb-v.xhcdn.com/t/657/7_6559657.jpg;http://thumb-v.xhcdn.com/t/657/1_6559657.jpg|http://xhamster.com/movies/6559657/shameless_pissing_in_public.html|Shameless Pissing in Public|Shameless;Pissing;In Public;Hardcore;Public Nudity;Voyeur;Czech|14m59s|
6559652|http://thumb-v.xhcdn.com/t/652/5_6559652.jpg;http://thumb-v.xhcdn.com/t/652/1_6559652.jpg|http://xhamster.com/movies/6559652/sri_girl_fucking_top.html|Sri girl fucking top|Babes;Top Girl;Fucking Girl;Fucking|2m19s|
6559647|http://thumb-v.xhcdn.com/t/647/3_6559647.jpg;http://thumb-v.xhcdn.com/t/647/1_6559647.jpg|http://xhamster.com/movies/6559647/hentai_girl_gangbang_sounds.html|Hentai Girl GangBang Sounds|Hentai;Hentai Girl;Sounds;Gangbang Girl|0m42s|
6559645|http://thumb-v.xhcdn.com/t/645/3_6559645.jpg;http://thumb-v.xhcdn.com/t/645/1_6559645.jpg|http://xhamster.com/movies/6559645/hot_wife.html|Hot wife |Amateur;Flashing;MILFs;Blondes;Wife;HD Videos;Hot Wife|0m16s|
6559643|http://thumb-v.xhcdn.com/t/643/3_6559643.jpg;http://thumb-v.xhcdn.com/t/643/1_6559643.jpg|http://xhamster.com/movies/6559643/sonia_bitch_gostosa.html|sonia bitch gostosa|Big Butts;Masturbation;Handjobs;Bitch|0m15s|
6556019|http://thumb-v.xhcdn.com/t/019/4_6556019.jpg;http://thumb-v.xhcdn.com/t/019/1_6556019.jpg|http://xhamster.com/movies/6556019/lovely_arabic_ass_wonderful_human_being_its_time_to_porn.html|lovely Arabic ass, wonderful human being, it&#039;s time to porn|Anal;Arab;Ass Licking;Wonderful;Arabic;Lovely|0m37s|
6527728|http://thumb-v.xhcdn.com/t/728/9_6527728.jpg;http://thumb-v.xhcdn.com/t/728/1_6527728.jpg|http://xhamster.com/movies/6527728/asian_teen_3.html|Asian teen 3|Amateur;Teens;Voyeur;Asian Teen|5m5s|
6563676|http://thumb-v.xhcdn.com/t/676/5_6563676.jpg;http://thumb-v.xhcdn.com/t/676/1_6563676.jpg|http://xhamster.com/movies/6563676/slutty_cougar_wants_it_in_her_ass.html|Slutty Cougar Wants it in Her ASS |Reality Junkies;Anal;Blowjobs;Cougars;Cumshots;Old+Young;HD Videos;In Her Ass;Cougar Ass;Slutty;Her Ass;In Ass|8m0s|
6563804|http://thumb-v.xhcdn.com/t/804/3_6563804.jpg;http://thumb-v.xhcdn.com/t/804/1_6563804.jpg|http://xhamster.com/movies/6563804/asian_backs_that_azz_up.html|asian Backs That Azz up|Anal;Asian;Creampie;Interracial;POV;HD Videos|0m30s|
6563700|http://thumb-v.xhcdn.com/t/700/10_6563700.jpg;http://thumb-v.xhcdn.com/t/700/1_6563700.jpg|http://xhamster.com/movies/6563700/rocco_facials_and_ass_fucks_super_horny_babes.html|Rocco Facials and ASS Fucks Super Horny Babes|Anal;Facials;Old+Young;Pornstars;Threesomes;HD Videos;Super Horny;Horny Babes;Super Ass;Babes Ass;Horny Ass;Super|7m30s|
6563688|http://thumb-v.xhcdn.com/t/688/7_6563688.jpg;http://thumb-v.xhcdn.com/t/688/1_6563688.jpg|http://xhamster.com/movies/6563688/tribadism_sexfight_lady_dee_vs_victorya_sweet.html|Tribadism Sexfight - Lady Dee Vs Victorya Sweet|Defeated Sex Fight;Cat Fights;Lesbians;Masturbation;Pussy;HD Videos;Tribadism|5m0s|
6559637|http://thumb-v.xhcdn.com/t/637/8_6559637.jpg;http://thumb-v.xhcdn.com/t/637/1_6559637.jpg|http://xhamster.com/movies/6559637/fat_ass_latina.html|fat ass latina|Amateur;BBW;Latin;Fat Ass Latina;Fat Latina;Latina Ass;Fat Ass|2m12s|
6559635|http://thumb-v.xhcdn.com/t/635/8_6559635.jpg;http://thumb-v.xhcdn.com/t/635/1_6559635.jpg|http://xhamster.com/movies/6559635/webcam_3.html|Webcam 3|Big Boobs;Big Natural Tits;Lesbians;HD Videos|7m53s|
6559634|http://thumb-v.xhcdn.com/t/634/9_6559634.jpg;http://thumb-v.xhcdn.com/t/634/1_6559634.jpg|http://xhamster.com/movies/6559634/amateur_ex_freundin_aus_muenchen_hart_gebuers.html|Amateur Ex Freundin aus Muenchen hart Gebuers|Big Boobs;Teens|6m24s|
6559633|http://thumb-v.xhcdn.com/t/633/6_6559633.jpg;http://thumb-v.xhcdn.com/t/633/1_6559633.jpg|http://xhamster.com/movies/6559633/following_sexy_granny.html|Following Sexy Granny|Big Butts;Black and Ebony;Matures;HD Videos;Following;Sexy Granny;Granny;Sexy|3m48s|
6559619|http://thumb-v.xhcdn.com/t/619/3_6559619.jpg;http://thumb-v.xhcdn.com/t/619/1_6559619.jpg|http://xhamster.com/movies/6559619/abuela_en_la_boca.html|Abuela en la boca|Grannies;Matures|0m33s|
6559617|http://thumb-v.xhcdn.com/t/617/6_6559617.jpg;http://thumb-v.xhcdn.com/t/617/1_6559617.jpg|http://xhamster.com/movies/6559617/dildo_fun_in_the_shop.html|dildo fun in the shop|Dildo Fun;Fun;Babes;Public Nudity;Teens;HD Videos;Small Tits;Dildo|7m5s|
6559616|http://thumb-v.xhcdn.com/t/616/4_6559616.jpg;http://thumb-v.xhcdn.com/t/616/1_6559616.jpg|http://xhamster.com/movies/6559616/captcha_on_cam.html|captcha on cam|Amateur;Masturbation;Sex Toys;Tits;Webcams;On Cam|52m15s|
6559614|http://thumb-v.xhcdn.com/t/614/3_6559614.jpg;http://thumb-v.xhcdn.com/t/614/1_6559614.jpg|http://xhamster.com/movies/6559614/got_from_behind.html|GOT- from behind|Doggy Style;From Behind;Behind|0m23s|
6559613|http://thumb-v.xhcdn.com/t/613/2_6559613.jpg;http://thumb-v.xhcdn.com/t/613/1_6559613.jpg|http://xhamster.com/movies/6559613/candice_gonzalez.html|Candice Gonzalez|Big Butts;Big Natural Tits;Doggy Style;Mom;Pregnant;Gonzalez|58m14s|
6556628|http://thumb-v.xhcdn.com/t/628/10_6556628.jpg;http://thumb-v.xhcdn.com/t/628/1_6556628.jpg|http://xhamster.com/movies/6556628/esmeralda_martinez_all_holes_used.html|Esmeralda Martinez all holes used|All Holes;Martinez;Anal;Facials;Italian;Pussy|10m44s|
6563098|http://thumb-v.xhcdn.com/t/098/7_6563098.jpg;http://thumb-v.xhcdn.com/t/098/1_6563098.jpg|http://xhamster.com/movies/6563098/fakeagentuk_perfect_ass_and_tits_ebony_chick_wants_sex.html|FakeAgentUK Perfect ass and tits ebony chick wants sex|Fake Hub;Perfect Tits and Ass;Perfect Ebony Ass;Ass and Tits;Perfect Ebony;Perfect Tits;Perfect Ass;Perfect Sex;Ebony Tits;Ebony Ass;Ebony Sex;Tits Ass;Perfect;Tits Sex;Ass Sex;Amateur;Black and Ebony;British;Castings;HD Videos;Top Rated|11m24s|
6563546|http://thumb-v.xhcdn.com/t/546/5_6563546.jpg;http://thumb-v.xhcdn.com/t/546/1_6563546.jpg|http://xhamster.com/movies/6563546/veronica_rodriguez_squirting_while_slammed_hard.html|Veronica Rodriguez squirting while slammed hard|Archangel Video;Babes;Hardcore;Latin;Pornstars;Squirting;HD Videos;Rodriguez;Slammed;Squirting Hard;Hard|10m23s|
6563528|http://thumb-v.xhcdn.com/t/528/4_6563528.jpg;http://thumb-v.xhcdn.com/t/528/1_6563528.jpg|http://xhamster.com/movies/6563528/guy_slids_condom_off_and_she_didnt_even_notice.html|Guy Slids Condom off and she didn&#039;t even notice|18 Years Old;African;Amateur;Big Boobs;Big Nipples;Ligar Seduction;Condom off|3m23s|
6431306|http://thumb-v.xhcdn.com/t/306/5_6431306.jpg;http://thumb-v.xhcdn.com/t/306/1_6431306.jpg|http://xhamster.com/movies/6431306/blonde_milf_housewife_tries_swinging.html|Blonde MILF Housewife Tries Swinging|Blondes;Cum in Mouth;Hardcore;MILFs;Swingers;Screw My Wife Club;Blonde Housewife;MILF Housewife;Swinging;Housewife;Blonde MILF|7m43s|
6559607|http://thumb-v.xhcdn.com/t/607/1_6559607.jpg;http://thumb-v.xhcdn.com/t/607/2_6559607.jpg|http://xhamster.com/movies/6559607/who_next.html|Who next |18 Years Old;BBW|1m5s|
6559604|http://thumb-v.xhcdn.com/t/604/6_6559604.jpg;http://thumb-v.xhcdn.com/t/604/1_6559604.jpg|http://xhamster.com/movies/6559604/nuevamente_las_piernas_de_mi_tia_segunda_parte.html|Nuevamente las piernas de mi tia segunda parte|Hidden Cams;Matures;MILFs;Upskirts;HD Videos;Mi Tia|0m49s|
6559603|http://thumb-v.xhcdn.com/t/603/10_6559603.jpg;http://thumb-v.xhcdn.com/t/603/1_6559603.jpg|http://xhamster.com/movies/6559603/webcam_2.html|webcam 2|Big Boobs;Lesbians;Tits;HD Videos|11m16s|
6559597|http://thumb-v.xhcdn.com/t/597/6_6559597.jpg;http://thumb-v.xhcdn.com/t/597/1_6559597.jpg|http://xhamster.com/movies/6559597/mexicana_con_electricista.html|mexicana con electricista|BBW;Hidden Cams;Latin;Mexican;Wife Sharing|1m29s|
6559594|http://thumb-v.xhcdn.com/t/594/5_6559594.jpg;http://thumb-v.xhcdn.com/t/594/1_6559594.jpg|http://xhamster.com/movies/6559594/wish_i_was_giving_it_to_her.html|wish I was giving it to her|Amateur;Giving|1h3m18s|
6559593|http://thumb-v.xhcdn.com/t/593/3_6559593.jpg;http://thumb-v.xhcdn.com/t/593/1_6559593.jpg|http://xhamster.com/movies/6559593/maruhi.html|maruhi|Teens|35m57s|
6559592|http://thumb-v.xhcdn.com/t/592/3_6559592.jpg;http://thumb-v.xhcdn.com/t/592/1_6559592.jpg|http://xhamster.com/movies/6559592/great_deepthroat_cum_in_mouth.html|great deepthroat cum in mouth|Amateur;BBW;Cum Swallowing;Cum in Mouth;Deep Throats;HD Videos;Great Deepthroat;Deepthroat Cum;Mouth Cum;In Mouth;Great;Deepthroat|5m50s|
6559591|http://thumb-v.xhcdn.com/t/591/1_6559591.jpg;http://thumb-v.xhcdn.com/t/591/2_6559591.jpg|http://xhamster.com/movies/6559591/webcam001.html|webcam001|Webcams|33m36s|
6559590|http://thumb-v.xhcdn.com/t/590/3_6559590.jpg;http://thumb-v.xhcdn.com/t/590/1_6559590.jpg|http://xhamster.com/movies/6559590/abuela_y_su_inquilino_4.html|Abuela y su Inquilino 4|Grannies;Matures;Mom|0m12s|
6559588|http://thumb-v.xhcdn.com/t/588/7_6559588.jpg;http://thumb-v.xhcdn.com/t/588/1_6559588.jpg|http://xhamster.com/movies/6559588/doc_longpeter_circa_40s.html|doc Longpeter - circa 40s|Hairy;Vintage|9m8s|
6559587|http://thumb-v.xhcdn.com/t/587/4_6559587.jpg;http://thumb-v.xhcdn.com/t/587/1_6559587.jpg|http://xhamster.com/movies/6559587/sexy_cougar.html|sexy cougar|Blowjobs;Hardcore;Sexy Cougar;Sexy|6m4s|
6559582|http://thumb-v.xhcdn.com/t/582/10_6559582.jpg;http://thumb-v.xhcdn.com/t/582/1_6559582.jpg|http://xhamster.com/movies/6559582/titties_ssbbw_xxx_porny_bbw.html|Titties ssbbw XXX-porny bbw|BBW;BBW SSBBW;BBW Titties;SSBBW;Titties|1h1m35s|
6559581|http://thumb-v.xhcdn.com/t/581/3_6559581.jpg;http://thumb-v.xhcdn.com/t/581/1_6559581.jpg|http://xhamster.com/movies/6559581/abuela_y_su_inquilino_3.html|Abuela y su Inquilino 3|Grannies;Matures;Mom|0m1s|
6559579|http://thumb-v.xhcdn.com/t/579/10_6559579.jpg;http://thumb-v.xhcdn.com/t/579/1_6559579.jpg|http://xhamster.com/movies/6559579/fiesta_en_la_jungla_sofia.html|Fiesta en la Jungla - Sofia|Anal;Beach;Costa Rica|16m52s|
6559577|http://thumb-v.xhcdn.com/t/577/3_6559577.jpg;http://thumb-v.xhcdn.com/t/577/1_6559577.jpg|http://xhamster.com/movies/6559577/handjob.html|handjob|Handjobs;Lingerie;HD Videos|0m8s|
6563214|http://thumb-v.xhcdn.com/t/214/9_6563214.jpg;http://thumb-v.xhcdn.com/t/214/1_6563214.jpg|http://xhamster.com/movies/6563214/exciting_outdoor_fucking_for_sexy_teen_with_big_tits.html|Exciting outdoor fucking for sexy teen with big tits|My First Public;Hardcore;Public Nudity;Teens;HD Videos;Teen with Big Tits;Exciting;Big Sexy Tits;Outdoor Fucking;Big Tits Fucking;Sexy Tits;Big Sexy;Sexy Fucking;Big Tits;Teen Fucking;Tits Fucking;Sexy;Fucking|7m10s|
6524550|http://thumb-v.xhcdn.com/t/550/8_6524550.jpg;http://thumb-v.xhcdn.com/t/550/1_6524550.jpg|http://xhamster.com/movies/6524550/mature_busty_moms_and_grannies_fuck_young_meat.html|Mature busty moms and grannies fuck young meat|Big Boobs;Grannies;Matures;MILFs;Old+Young;HD Videos;Mature NL;Young and Busty;Mature and Young;Busty Grannies;Young Busty;Young Moms;Busty Mature;Mature Grannies;Mature Young;Busty Fuck;Grannies Fuck;Young Fuck;Moms Fuck;Young|25m0s|
6561427|http://thumb-v.xhcdn.com/t/427/3_6561427.jpg;http://thumb-v.xhcdn.com/t/427/1_6561427.jpg|http://xhamster.com/movies/6561427/mom_and_adopted_daughter_caught_on.html|Mom and adopted daughter caught on|Big Boobs;MILFs;Pornstars;Teens;Threesomes;HD Videos;Adopted;Daughter;Caught|6m15s|
6559576|http://thumb-v.xhcdn.com/t/576/3_6559576.jpg;http://thumb-v.xhcdn.com/t/576/1_6559576.jpg|http://xhamster.com/movies/6559576/black_t_shirt_korean_girl_friend.html|Black t shirt korean girl friend|Korean;Korean Black;Black|0m45s|
6559570|http://thumb-v.xhcdn.com/t/570/3_6559570.jpg;http://thumb-v.xhcdn.com/t/570/1_6559570.jpg|http://xhamster.com/movies/6559570/amateur_korean_girl_friend_self.html|Amateur korean girl friend self|Korean;Korean Amateur|0m25s|
6559565|http://thumb-v.xhcdn.com/t/565/7_6559565.jpg;http://thumb-v.xhcdn.com/t/565/1_6559565.jpg|http://xhamster.com/movies/6559565/becca_luna.html|Becca luna|Anal;Fingering;Sex Toys;Webcams|40m54s|
6559564|http://thumb-v.xhcdn.com/t/564/3_6559564.jpg;http://thumb-v.xhcdn.com/t/564/1_6559564.jpg|http://xhamster.com/movies/6559564/fucking_machine.html|Fucking  machine |Amateur;Fucking Machines;Fucking|0m29s|
6559563|http://thumb-v.xhcdn.com/t/563/3_6559563.jpg;http://thumb-v.xhcdn.com/t/563/1_6559563.jpg|http://xhamster.com/movies/6559563/korean_nurse_wife.html|Korean nurse wife|Korean;Korean Wife;Nurse|0m28s|
6559562|http://thumb-v.xhcdn.com/t/562/1_6559562.jpg;http://thumb-v.xhcdn.com/t/562/2_6559562.jpg|http://xhamster.com/movies/6559562/cute.html|Cute|18 Years Old;Audition;HD Videos|1m3s|
6559560|http://thumb-v.xhcdn.com/t/560/7_6559560.jpg;http://thumb-v.xhcdn.com/t/560/1_6559560.jpg|http://xhamster.com/movies/6559560/balling_someone_wife_up_for_hard_fuck.html|Balling Someone Wife Up For Hard Fuck|Amateur;Hardcore;Homemade;Wife;Wife Sharing;Someone;Hard Fuck;Hard|1m57s|
6559558|http://thumb-v.xhcdn.com/t/558/3_6559558.jpg;http://thumb-v.xhcdn.com/t/558/1_6559558.jpg|http://xhamster.com/movies/6559558/sex_machine.html|Sex machine|Amateur;Fucking Machines;HD Videos;Sex Machine|0m11s|
6559555|http://thumb-v.xhcdn.com/t/555/3_6559555.jpg;http://thumb-v.xhcdn.com/t/555/1_6559555.jpg|http://xhamster.com/movies/6559555/enjoying_bbc.html|Enjoying BBC|Enjoying;Cuckold;Interracial;HD Videos;Top Rated;Female Choice|10m8s|
6559554|http://thumb-v.xhcdn.com/t/554/6_6559554.jpg;http://thumb-v.xhcdn.com/t/554/1_6559554.jpg|http://xhamster.com/movies/6559554/spanking5.html|Spanking5|Amateur;Spanking|5m0s|
6559552|http://thumb-v.xhcdn.com/t/552/5_6559552.jpg;http://thumb-v.xhcdn.com/t/552/1_6559552.jpg|http://xhamster.com/movies/6559552/fiesta_en_la_jungla_jazmin.html|Fiesta en la Jungla - Jazmin|Anal;Costa Rica;Latin|13m19s|
6559551|http://thumb-v.xhcdn.com/t/551/3_6559551.jpg;http://thumb-v.xhcdn.com/t/551/1_6559551.jpg|http://xhamster.com/movies/6559551/webcam_1.html|webcam 1 |Big Boobs;Big Natural Tits;Webcams;HD Videos|4m42s|
6559550|http://thumb-v.xhcdn.com/t/550/9_6559550.jpg;http://thumb-v.xhcdn.com/t/550/1_6559550.jpg|http://xhamster.com/movies/6559550/amateur_frau_aus_stuttgart_geil_benutzt.html|Amateur Frau aus Stuttgart Geil Benutzt|Big Boobs;Teens|6m22s|
6559548|http://thumb-v.xhcdn.com/t/548/9_6559548.jpg;http://thumb-v.xhcdn.com/t/548/1_6559548.jpg|http://xhamster.com/movies/6559548/pawg_gets_the_pounds_she_deserve.html|Pawg Gets The Pounds She Deserve|Amateur;Big Butts;Hardcore;Homemade;Teens;HD Videos;PAWG;Pounds|2m51s|
6559546|http://thumb-v.xhcdn.com/t/546/4_6559546.jpg;http://thumb-v.xhcdn.com/t/546/1_6559546.jpg|http://xhamster.com/movies/6559546/your_wife_and_friend_6.html|Your Wife And Friend 6|Amateur;Hardcore;Homemade;Wife;Wife Sharing;Wife and Friend;Your Friend;Your Wife;Wife Friend|0m47s|
6559544|http://thumb-v.xhcdn.com/t/544/5_6559544.jpg;http://thumb-v.xhcdn.com/t/544/1_6559544.jpg|http://xhamster.com/movies/6559544/webcam_tits_compilation.html|Webcam Tits (Compilation)|Blondes;Tits;Webcam Tits|6m33s|
6555097|http://thumb-v.xhcdn.com/t/097/3_6555097.jpg;http://thumb-v.xhcdn.com/t/097/1_6555097.jpg|http://xhamster.com/movies/6555097/fat_chick_loved_my_big_cock_flash_porn.html|Fat Chick Loved My Big Cock (Flash Porn)|Webcams;Wife Sharing;Big Fat Cock;Big Fat|1m24s|
6562523|http://thumb-v.xhcdn.com/t/523/10_6562523.jpg;http://thumb-v.xhcdn.com/t/523/1_6562523.jpg|http://xhamster.com/movies/6562523/teen_chloe_says_fuck_school_then_fucks_her_step_brother.html|Teen Chloe says fuck school then fucks her step brother|Lethal Hardcore;Brunettes;Cumshots;Hardcore;Pornstars;HD Videos;Teen Chloe;School Fuck;Teen Fucks;School Teen;School|12m40s|
6560540|http://thumb-v.xhcdn.com/t/540/5_6560540.jpg;http://thumb-v.xhcdn.com/t/540/1_6560540.jpg|http://xhamster.com/movies/6560540/latina_babe_mason_storm_cock_sucks.html|Latina Babe Mason Storm Cock Sucks|Babes;Blowjobs;Hardcore;Latin;Pornstars;It&#039;s live|6m12s|
6330300|http://thumb-v.xhcdn.com/t/300/9_6330300.jpg;http://thumb-v.xhcdn.com/t/300/1_6330300.jpg|http://xhamster.com/movies/6330300/shoko_yokoyama_licks_and_sucks_hard_penis.html|Shoko Yokoyama licks and sucks hard penis|Asian;Bikini;Blowjobs;Cumshots;Japanese;Hard;All Japanese Pass|10m28s|
6559870|http://thumb-v.xhcdn.com/t/870/3_6559870.jpg;http://thumb-v.xhcdn.com/t/870/1_6559870.jpg|http://xhamster.com/movies/6559870/euro_medical_student_jizzed_on_by_real_doctor.html|Euro medical student jizzed on by real doctor|Fake Hub;Cumshots;Fingering;Hidden Cams;HD Videos;Medical Student;Euro;Student;Real|10m0s|
6559543|http://thumb-v.xhcdn.com/t/543/3_6559543.jpg;http://thumb-v.xhcdn.com/t/543/1_6559543.jpg|http://xhamster.com/movies/6559543/spanking4.html|Spanking4|Amateur;Spanking|5m0s|
6559541|http://thumb-v.xhcdn.com/t/541/7_6559541.jpg;http://thumb-v.xhcdn.com/t/541/1_6559541.jpg|http://xhamster.com/movies/6559541/the_dentist_circa_40s.html|the dentist - circa 40s|Hairy;Vintage;Dentist|7m37s|
6559536|http://thumb-v.xhcdn.com/t/536/1_6559536.jpg;http://thumb-v.xhcdn.com/t/536/2_6559536.jpg|http://xhamster.com/movies/6559536/dildo_sucking_from_katt_leya.html|Dildo Sucking From Katt Leya|Amateur;Big Butts;Black and Ebony;Dildo;Webcams;Dildo Sucking;Sucking|3m0s|
6559535|http://thumb-v.xhcdn.com/t/535/9_6559535.jpg;http://thumb-v.xhcdn.com/t/535/1_6559535.jpg|http://xhamster.com/movies/6559535/webcam_perfect_tits.html|webcam perfect tits|Big Boobs;Big Natural Tits;Webcams;Perfect Tits Webcam;Perfect Tits;Webcam Tits;Perfect|1h1m59s|
6559533|http://thumb-v.xhcdn.com/t/533/3_6559533.jpg;http://thumb-v.xhcdn.com/t/533/1_6559533.jpg|http://xhamster.com/movies/6559533/una_putita_que_me_comi_lactando.html|una putita que me comi lactando|Lactating|0m19s|
6559531|http://thumb-v.xhcdn.com/t/531/2_6559531.jpg;http://thumb-v.xhcdn.com/t/531/1_6559531.jpg|http://xhamster.com/movies/6559531/notsister.html|notsister|Amateur;Teens;Top Rated;Female Choice|20m29s|
6559525|http://thumb-v.xhcdn.com/t/525/8_6559525.jpg;http://thumb-v.xhcdn.com/t/525/1_6559525.jpg|http://xhamster.com/movies/6559525/shannon_aka_lola_loggins_dp_and_fingering_with_black_dildo.html|Shannon aka Lola Loggins DP &amp; fingering with black dildo|Amateur;American;Big Natural Tits;Escort;Webcams;DP with Dildo;Dildo DP;Black DP;Black Fingering;Black Dildo;Black|1h1m3s|
6559524|http://thumb-v.xhcdn.com/t/524/5_6559524.jpg;http://thumb-v.xhcdn.com/t/524/1_6559524.jpg|http://xhamster.com/movies/6559524/your_wife_and_friend_5.html|Your Wife And Friend 5|Amateur;Hardcore;Homemade;Wife;Wife Sharing;Wife and Friend;Your Friend;Your Wife;Wife Friend|0m24s|
6559523|http://thumb-v.xhcdn.com/t/523/3_6559523.jpg;http://thumb-v.xhcdn.com/t/523/1_6559523.jpg|http://xhamster.com/movies/6559523/sara_jean_underwood_hot.html|SARA JEAN UNDERWOOD HOT |American;Big Boobs;Big Natural Tits;Deep Throats;Pussy|0m36s|
6559521|http://thumb-v.xhcdn.com/t/521/6_6559521.jpg;http://thumb-v.xhcdn.com/t/521/1_6559521.jpg|http://xhamster.com/movies/6559521/your_wife_and_friend_4.html|Your Wife And Friend 4|Amateur;Hardcore;Homemade;Wife;Wife Sharing;Wife and Friend;Your Friend;Your Wife;Wife Friend|0m39s|
6559520|http://thumb-v.xhcdn.com/t/520/6_6559520.jpg;http://thumb-v.xhcdn.com/t/520/1_6559520.jpg|http://xhamster.com/movies/6559520/tons_of_cum.html|Tons of cum!|Amateur;BBW;Big Butts;Black and Ebony;Creampie;HD Videos|5m32s|
6559517|http://thumb-v.xhcdn.com/t/517/5_6559517.jpg;http://thumb-v.xhcdn.com/t/517/1_6559517.jpg|http://xhamster.com/movies/6559517/your_wife_and_friend_3.html|Your Wife And Friend 3|Amateur;Big Butts;Hardcore;Hogtied;Wife;Wife and Friend;Your Friend;Your Wife;Wife Friend|1m13s|
